Method,pred_min,pred_max,target_min,target_max,pred_lt0,pred_gt1,target_lt0,target_gt1,pred_lt0_ratio,pred_gt1_ratio,target_lt0_ratio,target_gt1_ratio
Baseline,0.000001,0.969399,0.000000,1.000000,0,0,0,0,0.00000000,0.00000000,0.00000000,0.00000000
Enhanced,0.000000,1.000000,0.000000,1.000000,0,0,0,0,0.00000000,0.00000000,0.00000000,0.00000000
